match_id,opportunity_id,company_id,company_name,vendor_id,vendor_name,match_type,delivery_feasibility,match_score,match_status,term_status,rationale,next_action
M001,O001,C001,阿里巴巴,V005,用友大易,direct,high,100,ready_to_contact,needs_confirmation,"阿里巴巴 (internet_software, enterprise_group) requires ats|recruiting|analytics. 用友大易 covers analytics|ats|recruiting and has public evidence for internet_software|advanced_manufacturing|consumer_retail. Delivery is high because its public evidence covers this sector pattern at enterprise scale with the required recruiting modules. This is a direct match scored 100/100; term status remains needs_confirmation, so commercial terms must be requested directly from the vendor or partner team.",identify_contact
M002,O001,C001,阿里巴巴,V007,BambooHR,direct,medium,72,pending,needs_confirmation,"阿里巴巴 (internet_software, enterprise_group) requires ats|recruiting|analytics. BambooHR covers ats|recruiting and has public evidence for internet_software|consumer_retail. Delivery is medium because the core modules fit, but deployment specifics still need validation. This is a direct match scored 72/100; term status remains needs_confirmation, so commercial terms must be requested directly from the vendor or partner team.",monitor
M003,O001,C001,阿里巴巴,V002,北森,adjacent,medium,67,pending,needs_confirmation,"阿里巴巴 (internet_software, enterprise_group) requires ats|recruiting|analytics. 北森 covers analytics|ats|recruiting and has public evidence for advanced_manufacturing|consumer_retail|logistics_mobility|finance. Delivery is medium because the recruiting stack is strong, but sector-specific proof still needs validation. This is a adjacent match scored 67/100; term status remains needs_confirmation, so commercial terms must be requested directly from the vendor or partner team.",validate_industry_fit
M004,O002,C003,美团,V005,用友大易,direct,high,100,ready_to_contact,needs_confirmation,"美团 (internet_software, enterprise_group) requires ats|recruiting|analytics. 用友大易 covers analytics|ats|recruiting and has public evidence for internet_software|advanced_manufacturing|consumer_retail. Delivery is high because its public evidence covers this sector pattern at enterprise scale with the required recruiting modules. This is a direct match scored 100/100; term status remains needs_confirmation, so commercial terms must be requested directly from the vendor or partner team.",identify_contact
M005,O002,C003,美团,V007,BambooHR,direct,medium,72,pending,needs_confirmation,"美团 (internet_software, enterprise_group) requires ats|recruiting|analytics. BambooHR covers ats|recruiting and has public evidence for internet_software|consumer_retail. Delivery is medium because the core modules fit, but deployment specifics still need validation. This is a direct match scored 72/100; term status remains needs_confirmation, so commercial terms must be requested directly from the vendor or partner team.",monitor
M006,O002,C003,美团,V002,北森,adjacent,medium,67,pending,needs_confirmation,"美团 (internet_software, enterprise_group) requires ats|recruiting|analytics. 北森 covers analytics|ats|recruiting and has public evidence for advanced_manufacturing|consumer_retail|logistics_mobility|finance. Delivery is medium because the recruiting stack is strong, but sector-specific proof still needs validation. This is a adjacent match scored 67/100; term status remains needs_confirmation, so commercial terms must be requested directly from the vendor or partner team.",validate_industry_fit
M007,O003,C004,上海钢联,V005,用友大易,direct,high,100,ready_to_contact,needs_confirmation,"上海钢联 (internet_software, enterprise_group) requires ats|recruiting|analytics. 用友大易 covers analytics|ats|recruiting and has public evidence for internet_software|advanced_manufacturing|consumer_retail. Delivery is high because its public evidence covers this sector pattern at enterprise scale with the required recruiting modules. This is a direct match scored 100/100; term status remains needs_confirmation, so commercial terms must be requested directly from the vendor or partner team.",identify_contact
M008,O003,C004,上海钢联,V007,BambooHR,direct,medium,72,pending,needs_confirmation,"上海钢联 (internet_software, enterprise_group) requires ats|recruiting|analytics. BambooHR covers ats|recruiting and has public evidence for internet_software|consumer_retail. Delivery is medium because the core modules fit, but deployment specifics still need validation. This is a direct match scored 72/100; term status remains needs_confirmation, so commercial terms must be requested directly from the vendor or partner team.",monitor
M009,O003,C004,上海钢联,V002,北森,adjacent,medium,67,pending,needs_confirmation,"上海钢联 (internet_software, enterprise_group) requires ats|recruiting|analytics. 北森 covers analytics|ats|recruiting and has public evidence for advanced_manufacturing|consumer_retail|logistics_mobility|finance. Delivery is medium because the recruiting stack is strong, but sector-specific proof still needs validation. This is a adjacent match scored 67/100; term status remains needs_confirmation, so commercial terms must be requested directly from the vendor or partner team.",validate_industry_fit
M010,O004,C005,拼多多,V005,用友大易,direct,high,100,ready_to_contact,needs_confirmation,"拼多多 (internet_software, enterprise_group) requires ats|recruiting|analytics. 用友大易 covers analytics|ats|recruiting and has public evidence for internet_software|advanced_manufacturing|consumer_retail. Delivery is high because its public evidence covers this sector pattern at enterprise scale with the required recruiting modules. This is a direct match scored 100/100; term status remains needs_confirmation, so commercial terms must be requested directly from the vendor or partner team.",identify_contact
M011,O004,C005,拼多多,V007,BambooHR,direct,medium,72,pending,needs_confirmation,"拼多多 (internet_software, enterprise_group) requires ats|recruiting|analytics. BambooHR covers ats|recruiting and has public evidence for internet_software|consumer_retail. Delivery is medium because the core modules fit, but deployment specifics still need validation. This is a direct match scored 72/100; term status remains needs_confirmation, so commercial terms must be requested directly from the vendor or partner team.",monitor
M012,O004,C005,拼多多,V002,北森,adjacent,medium,67,pending,needs_confirmation,"拼多多 (internet_software, enterprise_group) requires ats|recruiting|analytics. 北森 covers analytics|ats|recruiting and has public evidence for advanced_manufacturing|consumer_retail|logistics_mobility|finance. Delivery is medium because the recruiting stack is strong, but sector-specific proof still needs validation. This is a adjacent match scored 67/100; term status remains needs_confirmation, so commercial terms must be requested directly from the vendor or partner team.",validate_industry_fit
M013,O005,C006,百度,V005,用友大易,direct,high,100,ready_to_contact,needs_confirmation,"百度 (internet_software, enterprise_group) requires ats|recruiting|analytics. 用友大易 covers analytics|ats|recruiting and has public evidence for internet_software|advanced_manufacturing|consumer_retail. Delivery is high because its public evidence covers this sector pattern at enterprise scale with the required recruiting modules. This is a direct match scored 100/100; term status remains needs_confirmation, so commercial terms must be requested directly from the vendor or partner team.",identify_contact
M014,O005,C006,百度,V007,BambooHR,direct,medium,72,pending,needs_confirmation,"百度 (internet_software, enterprise_group) requires ats|recruiting|analytics. BambooHR covers ats|recruiting and has public evidence for internet_software|consumer_retail. Delivery is medium because the core modules fit, but deployment specifics still need validation. This is a direct match scored 72/100; term status remains needs_confirmation, so commercial terms must be requested directly from the vendor or partner team.",monitor
M015,O005,C006,百度,V002,北森,adjacent,medium,67,pending,needs_confirmation,"百度 (internet_software, enterprise_group) requires ats|recruiting|analytics. 北森 covers analytics|ats|recruiting and has public evidence for advanced_manufacturing|consumer_retail|logistics_mobility|finance. Delivery is medium because the recruiting stack is strong, but sector-specific proof still needs validation. This is a adjacent match scored 67/100; term status remains needs_confirmation, so commercial terms must be requested directly from the vendor or partner team.",validate_industry_fit
M016,O006,C008,网易,V005,用友大易,direct,high,100,ready_to_contact,needs_confirmation,"网易 (internet_software, enterprise_group) requires ats|recruiting|analytics. 用友大易 covers analytics|ats|recruiting and has public evidence for internet_software|advanced_manufacturing|consumer_retail. Delivery is high because its public evidence covers this sector pattern at enterprise scale with the required recruiting modules. This is a direct match scored 100/100; term status remains needs_confirmation, so commercial terms must be requested directly from the vendor or partner team.",identify_contact
M017,O006,C008,网易,V007,BambooHR,direct,medium,72,pending,needs_confirmation,"网易 (internet_software, enterprise_group) requires ats|recruiting|analytics. BambooHR covers ats|recruiting and has public evidence for internet_software|consumer_retail. Delivery is medium because the core modules fit, but deployment specifics still need validation. This is a direct match scored 72/100; term status remains needs_confirmation, so commercial terms must be requested directly from the vendor or partner team.",monitor
M018,O006,C008,网易,V002,北森,adjacent,medium,67,pending,needs_confirmation,"网易 (internet_software, enterprise_group) requires ats|recruiting|analytics. 北森 covers analytics|ats|recruiting and has public evidence for advanced_manufacturing|consumer_retail|logistics_mobility|finance. Delivery is medium because the recruiting stack is strong, but sector-specific proof still needs validation. This is a adjacent match scored 67/100; term status remains needs_confirmation, so commercial terms must be requested directly from the vendor or partner team.",validate_industry_fit
M019,O007,C010,中国联通,V005,用友大易,direct,high,100,ready_to_contact,needs_confirmation,"中国联通 (internet_software, enterprise_group) requires ats|recruiting|analytics. 用友大易 covers analytics|ats|recruiting and has public evidence for internet_software|advanced_manufacturing|consumer_retail. Delivery is high because its public evidence covers this sector pattern at enterprise scale with the required recruiting modules. This is a direct match scored 100/100; term status remains needs_confirmation, so commercial terms must be requested directly from the vendor or partner team.",identify_contact
M020,O007,C010,中国联通,V007,BambooHR,direct,medium,72,pending,needs_confirmation,"中国联通 (internet_software, enterprise_group) requires ats|recruiting|analytics. BambooHR covers ats|recruiting and has public evidence for internet_software|consumer_retail. Delivery is medium because the core modules fit, but deployment specifics still need validation. This is a direct match scored 72/100; term status remains needs_confirmation, so commercial terms must be requested directly from the vendor or partner team.",monitor
M021,O007,C010,中国联通,V002,北森,adjacent,medium,67,pending,needs_confirmation,"中国联通 (internet_software, enterprise_group) requires ats|recruiting|analytics. 北森 covers analytics|ats|recruiting and has public evidence for advanced_manufacturing|consumer_retail|logistics_mobility|finance. Delivery is medium because the recruiting stack is strong, but sector-specific proof still needs validation. This is a adjacent match scored 67/100; term status remains needs_confirmation, so commercial terms must be requested directly from the vendor or partner team.",validate_industry_fit
M022,O008,C014,完美世界,V005,用友大易,direct,high,100,ready_to_contact,needs_confirmation,"完美世界 (internet_software, enterprise_group) requires ats|recruiting|analytics. 用友大易 covers analytics|ats|recruiting and has public evidence for internet_software|advanced_manufacturing|consumer_retail. Delivery is high because its public evidence covers this sector pattern at enterprise scale with the required recruiting modules. This is a direct match scored 100/100; term status remains needs_confirmation, so commercial terms must be requested directly from the vendor or partner team.",identify_contact
M023,O008,C014,完美世界,V007,BambooHR,direct,medium,72,pending,needs_confirmation,"完美世界 (internet_software, enterprise_group) requires ats|recruiting|analytics. BambooHR covers ats|recruiting and has public evidence for internet_software|consumer_retail. Delivery is medium because the core modules fit, but deployment specifics still need validation. This is a direct match scored 72/100; term status remains needs_confirmation, so commercial terms must be requested directly from the vendor or partner team.",monitor
M024,O008,C014,完美世界,V002,北森,adjacent,medium,67,pending,needs_confirmation,"完美世界 (internet_software, enterprise_group) requires ats|recruiting|analytics. 北森 covers analytics|ats|recruiting and has public evidence for advanced_manufacturing|consumer_retail|logistics_mobility|finance. Delivery is medium because the recruiting stack is strong, but sector-specific proof still needs validation. This is a adjacent match scored 67/100; term status remains needs_confirmation, so commercial terms must be requested directly from the vendor or partner team.",validate_industry_fit
M025,O009,C015,金山办公,V005,用友大易,direct,high,100,ready_to_contact,needs_confirmation,"金山办公 (internet_software, enterprise_group) requires ats|recruiting|analytics. 用友大易 covers analytics|ats|recruiting and has public evidence for internet_software|advanced_manufacturing|consumer_retail. Delivery is high because its public evidence covers this sector pattern at enterprise scale with the required recruiting modules. This is a direct match scored 100/100; term status remains needs_confirmation, so commercial terms must be requested directly from the vendor or partner team.",identify_contact
M026,O009,C015,金山办公,V007,BambooHR,direct,medium,72,pending,needs_confirmation,"金山办公 (internet_software, enterprise_group) requires ats|recruiting|analytics. BambooHR covers ats|recruiting and has public evidence for internet_software|consumer_retail. Delivery is medium because the core modules fit, but deployment specifics still need validation. This is a direct match scored 72/100; term status remains needs_confirmation, so commercial terms must be requested directly from the vendor or partner team.",monitor
M027,O009,C015,金山办公,V002,北森,adjacent,medium,67,pending,needs_confirmation,"金山办公 (internet_software, enterprise_group) requires ats|recruiting|analytics. 北森 covers analytics|ats|recruiting and has public evidence for advanced_manufacturing|consumer_retail|logistics_mobility|finance. Delivery is medium because the recruiting stack is strong, but sector-specific proof still needs validation. This is a adjacent match scored 67/100; term status remains needs_confirmation, so commercial terms must be requested directly from the vendor or partner team.",validate_industry_fit
M028,O010,C016,润和软件,V005,用友大易,direct,high,100,ready_to_contact,needs_confirmation,"润和软件 (internet_software, enterprise_group) requires ats|recruiting|analytics. 用友大易 covers analytics|ats|recruiting and has public evidence for internet_software|advanced_manufacturing|consumer_retail. Delivery is high because its public evidence covers this sector pattern at enterprise scale with the required recruiting modules. This is a direct match scored 100/100; term status remains needs_confirmation, so commercial terms must be requested directly from the vendor or partner team.",identify_contact
M029,O010,C016,润和软件,V007,BambooHR,direct,medium,72,pending,needs_confirmation,"润和软件 (internet_software, enterprise_group) requires ats|recruiting|analytics. BambooHR covers ats|recruiting and has public evidence for internet_software|consumer_retail. Delivery is medium because the core modules fit, but deployment specifics still need validation. This is a direct match scored 72/100; term status remains needs_confirmation, so commercial terms must be requested directly from the vendor or partner team.",monitor
M030,O010,C016,润和软件,V002,北森,adjacent,medium,67,pending,needs_confirmation,"润和软件 (internet_software, enterprise_group) requires ats|recruiting|analytics. 北森 covers analytics|ats|recruiting and has public evidence for advanced_manufacturing|consumer_retail|logistics_mobility|finance. Delivery is medium because the recruiting stack is strong, but sector-specific proof still needs validation. This is a adjacent match scored 67/100; term status remains needs_confirmation, so commercial terms must be requested directly from the vendor or partner team.",validate_industry_fit
M031,O011,C019,指南针,V005,用友大易,direct,high,100,ready_to_contact,needs_confirmation,"指南针 (internet_software, enterprise_group) requires ats|recruiting|analytics. 用友大易 covers analytics|ats|recruiting and has public evidence for internet_software|advanced_manufacturing|consumer_retail. Delivery is high because its public evidence covers this sector pattern at enterprise scale with the required recruiting modules. This is a direct match scored 100/100; term status remains needs_confirmation, so commercial terms must be requested directly from the vendor or partner team.",identify_contact
M032,O011,C019,指南针,V007,BambooHR,direct,medium,72,pending,needs_confirmation,"指南针 (internet_software, enterprise_group) requires ats|recruiting|analytics. BambooHR covers ats|recruiting and has public evidence for internet_software|consumer_retail. Delivery is medium because the core modules fit, but deployment specifics still need validation. This is a direct match scored 72/100; term status remains needs_confirmation, so commercial terms must be requested directly from the vendor or partner team.",monitor
M033,O011,C019,指南针,V002,北森,adjacent,medium,67,pending,needs_confirmation,"指南针 (internet_software, enterprise_group) requires ats|recruiting|analytics. 北森 covers analytics|ats|recruiting and has public evidence for advanced_manufacturing|consumer_retail|logistics_mobility|finance. Delivery is medium because the recruiting stack is strong, but sector-specific proof still needs validation. This is a adjacent match scored 67/100; term status remains needs_confirmation, so commercial terms must be requested directly from the vendor or partner team.",validate_industry_fit
M034,O012,C020,昆仑万维,V005,用友大易,direct,high,100,ready_to_contact,needs_confirmation,"昆仑万维 (internet_software, enterprise_group) requires ats|recruiting|analytics. 用友大易 covers analytics|ats|recruiting and has public evidence for internet_software|advanced_manufacturing|consumer_retail. Delivery is high because its public evidence covers this sector pattern at enterprise scale with the required recruiting modules. This is a direct match scored 100/100; term status remains needs_confirmation, so commercial terms must be requested directly from the vendor or partner team.",identify_contact
M035,O012,C020,昆仑万维,V007,BambooHR,direct,medium,72,pending,needs_confirmation,"昆仑万维 (internet_software, enterprise_group) requires ats|recruiting|analytics. BambooHR covers ats|recruiting and has public evidence for internet_software|consumer_retail. Delivery is medium because the core modules fit, but deployment specifics still need validation. This is a direct match scored 72/100; term status remains needs_confirmation, so commercial terms must be requested directly from the vendor or partner team.",monitor
M036,O012,C020,昆仑万维,V002,北森,adjacent,medium,67,pending,needs_confirmation,"昆仑万维 (internet_software, enterprise_group) requires ats|recruiting|analytics. 北森 covers analytics|ats|recruiting and has public evidence for advanced_manufacturing|consumer_retail|logistics_mobility|finance. Delivery is medium because the recruiting stack is strong, but sector-specific proof still needs validation. This is a adjacent match scored 67/100; term status remains needs_confirmation, so commercial terms must be requested directly from the vendor or partner team.",validate_industry_fit
M037,O013,C021,恺英网络,V005,用友大易,direct,high,100,ready_to_contact,needs_confirmation,"恺英网络 (internet_software, enterprise_group) requires ats|recruiting|analytics. 用友大易 covers analytics|ats|recruiting and has public evidence for internet_software|advanced_manufacturing|consumer_retail. Delivery is high because its public evidence covers this sector pattern at enterprise scale with the required recruiting modules. This is a direct match scored 100/100; term status remains needs_confirmation, so commercial terms must be requested directly from the vendor or partner team.",identify_contact
M038,O013,C021,恺英网络,V007,BambooHR,direct,medium,72,pending,needs_confirmation,"恺英网络 (internet_software, enterprise_group) requires ats|recruiting|analytics. BambooHR covers ats|recruiting and has public evidence for internet_software|consumer_retail. Delivery is medium because the core modules fit, but deployment specifics still need validation. This is a direct match scored 72/100; term status remains needs_confirmation, so commercial terms must be requested directly from the vendor or partner team.",monitor
M039,O013,C021,恺英网络,V002,北森,adjacent,medium,67,pending,needs_confirmation,"恺英网络 (internet_software, enterprise_group) requires ats|recruiting|analytics. 北森 covers analytics|ats|recruiting and has public evidence for advanced_manufacturing|consumer_retail|logistics_mobility|finance. Delivery is medium because the recruiting stack is strong, but sector-specific proof still needs validation. This is a adjacent match scored 67/100; term status remains needs_confirmation, so commercial terms must be requested directly from the vendor or partner team.",validate_industry_fit
M040,O014,C022,利欧股份,V005,用友大易,direct,high,100,ready_to_contact,needs_confirmation,"利欧股份 (internet_software, enterprise_group) requires ats|recruiting|analytics. 用友大易 covers analytics|ats|recruiting and has public evidence for internet_software|advanced_manufacturing|consumer_retail. Delivery is high because its public evidence covers this sector pattern at enterprise scale with the required recruiting modules. This is a direct match scored 100/100; term status remains needs_confirmation, so commercial terms must be requested directly from the vendor or partner team.",identify_contact
M041,O014,C022,利欧股份,V007,BambooHR,direct,medium,72,pending,needs_confirmation,"利欧股份 (internet_software, enterprise_group) requires ats|recruiting|analytics. BambooHR covers ats|recruiting and has public evidence for internet_software|consumer_retail. Delivery is medium because the core modules fit, but deployment specifics still need validation. This is a direct match scored 72/100; term status remains needs_confirmation, so commercial terms must be requested directly from the vendor or partner team.",monitor
M042,O014,C022,利欧股份,V002,北森,adjacent,medium,67,pending,needs_confirmation,"利欧股份 (internet_software, enterprise_group) requires ats|recruiting|analytics. 北森 covers analytics|ats|recruiting and has public evidence for advanced_manufacturing|consumer_retail|logistics_mobility|finance. Delivery is medium because the recruiting stack is strong, but sector-specific proof still needs validation. This is a adjacent match scored 67/100; term status remains needs_confirmation, so commercial terms must be requested directly from the vendor or partner team.",validate_industry_fit
M043,O015,C025,中国电信,V005,用友大易,direct,high,100,ready_to_contact,needs_confirmation,"中国电信 (internet_software, enterprise_group) requires ats|recruiting|analytics. 用友大易 covers analytics|ats|recruiting and has public evidence for internet_software|advanced_manufacturing|consumer_retail. Delivery is high because its public evidence covers this sector pattern at enterprise scale with the required recruiting modules. This is a direct match scored 100/100; term status remains needs_confirmation, so commercial terms must be requested directly from the vendor or partner team.",identify_contact
M044,O015,C025,中国电信,V007,BambooHR,direct,medium,72,pending,needs_confirmation,"中国电信 (internet_software, enterprise_group) requires ats|recruiting|analytics. BambooHR covers ats|recruiting and has public evidence for internet_software|consumer_retail. Delivery is medium because the core modules fit, but deployment specifics still need validation. This is a direct match scored 72/100; term status remains needs_confirmation, so commercial terms must be requested directly from the vendor or partner team.",monitor
M045,O015,C025,中国电信,V002,北森,adjacent,medium,67,pending,needs_confirmation,"中国电信 (internet_software, enterprise_group) requires ats|recruiting|analytics. 北森 covers analytics|ats|recruiting and has public evidence for advanced_manufacturing|consumer_retail|logistics_mobility|finance. Delivery is medium because the recruiting stack is strong, but sector-specific proof still needs validation. This is a adjacent match scored 67/100; term status remains needs_confirmation, so commercial terms must be requested directly from the vendor or partner team.",validate_industry_fit
M046,O016,C026,神州数码,V005,用友大易,direct,high,100,ready_to_contact,needs_confirmation,"神州数码 (internet_software, enterprise_group) requires ats|recruiting|analytics. 用友大易 covers analytics|ats|recruiting and has public evidence for internet_software|advanced_manufacturing|consumer_retail. Delivery is high because its public evidence covers this sector pattern at enterprise scale with the required recruiting modules. This is a direct match scored 100/100; term status remains needs_confirmation, so commercial terms must be requested directly from the vendor or partner team.",identify_contact
M047,O016,C026,神州数码,V007,BambooHR,direct,medium,72,pending,needs_confirmation,"神州数码 (internet_software, enterprise_group) requires ats|recruiting|analytics. BambooHR covers ats|recruiting and has public evidence for internet_software|consumer_retail. Delivery is medium because the core modules fit, but deployment specifics still need validation. This is a direct match scored 72/100; term status remains needs_confirmation, so commercial terms must be requested directly from the vendor or partner team.",monitor
M048,O016,C026,神州数码,V002,北森,adjacent,medium,67,pending,needs_confirmation,"神州数码 (internet_software, enterprise_group) requires ats|recruiting|analytics. 北森 covers analytics|ats|recruiting and has public evidence for advanced_manufacturing|consumer_retail|logistics_mobility|finance. Delivery is medium because the recruiting stack is strong, but sector-specific proof still needs validation. This is a adjacent match scored 67/100; term status remains needs_confirmation, so commercial terms must be requested directly from the vendor or partner team.",validate_industry_fit
M049,O017,C028,巨人网络,V005,用友大易,direct,high,100,ready_to_contact,needs_confirmation,"巨人网络 (internet_software, enterprise_group) requires ats|recruiting|analytics. 用友大易 covers analytics|ats|recruiting and has public evidence for internet_software|advanced_manufacturing|consumer_retail. Delivery is high because its public evidence covers this sector pattern at enterprise scale with the required recruiting modules. This is a direct match scored 100/100; term status remains needs_confirmation, so commercial terms must be requested directly from the vendor or partner team.",identify_contact
M050,O017,C028,巨人网络,V007,BambooHR,direct,medium,72,pending,needs_confirmation,"巨人网络 (internet_software, enterprise_group) requires ats|recruiting|analytics. BambooHR covers ats|recruiting and has public evidence for internet_software|consumer_retail. Delivery is medium because the core modules fit, but deployment specifics still need validation. This is a direct match scored 72/100; term status remains needs_confirmation, so commercial terms must be requested directly from the vendor or partner team.",monitor
M051,O017,C028,巨人网络,V002,北森,adjacent,medium,67,pending,needs_confirmation,"巨人网络 (internet_software, enterprise_group) requires ats|recruiting|analytics. 北森 covers analytics|ats|recruiting and has public evidence for advanced_manufacturing|consumer_retail|logistics_mobility|finance. Delivery is medium because the recruiting stack is strong, but sector-specific proof still needs validation. This is a adjacent match scored 67/100; term status remains needs_confirmation, so commercial terms must be requested directly from the vendor or partner team.",validate_industry_fit
M052,O018,C032,中国移动,V005,用友大易,direct,high,100,ready_to_contact,needs_confirmation,"中国移动 (internet_software, enterprise_group) requires ats|recruiting|analytics. 用友大易 covers analytics|ats|recruiting and has public evidence for internet_software|advanced_manufacturing|consumer_retail. Delivery is high because its public evidence covers this sector pattern at enterprise scale with the required recruiting modules. This is a direct match scored 100/100; term status remains needs_confirmation, so commercial terms must be requested directly from the vendor or partner team.",identify_contact
M053,O018,C032,中国移动,V007,BambooHR,direct,medium,72,pending,needs_confirmation,"中国移动 (internet_software, enterprise_group) requires ats|recruiting|analytics. BambooHR covers ats|recruiting and has public evidence for internet_software|consumer_retail. Delivery is medium because the core modules fit, but deployment specifics still need validation. This is a direct match scored 72/100; term status remains needs_confirmation, so commercial terms must be requested directly from the vendor or partner team.",monitor
M054,O018,C032,中国移动,V002,北森,adjacent,medium,67,pending,needs_confirmation,"中国移动 (internet_software, enterprise_group) requires ats|recruiting|analytics. 北森 covers analytics|ats|recruiting and has public evidence for advanced_manufacturing|consumer_retail|logistics_mobility|finance. Delivery is medium because the recruiting stack is strong, but sector-specific proof still needs validation. This is a adjacent match scored 67/100; term status remains needs_confirmation, so commercial terms must be requested directly from the vendor or partner team.",validate_industry_fit
M055,O019,C033,华为,V002,北森,direct,high,100,ready_to_contact,needs_confirmation,"华为 (advanced_manufacturing, enterprise_group) requires ats|recruiting|analytics. 北森 covers analytics|ats|recruiting and has public evidence for advanced_manufacturing|consumer_retail|logistics_mobility|finance. Delivery is high because its public evidence covers this sector pattern at enterprise scale with the required recruiting modules. This is a direct match scored 100/100; term status remains needs_confirmation, so commercial terms must be requested directly from the vendor or partner team.",identify_contact
M056,O019,C033,华为,V001,i人事,direct,high,100,ready_to_contact,needs_confirmation,"华为 (advanced_manufacturing, enterprise_group) requires ats|recruiting|analytics. i人事 covers analytics|ats|recruiting and has public evidence for consumer_retail|advanced_manufacturing|logistics_mobility. Delivery is high because its public evidence covers this sector pattern at enterprise scale with the required recruiting modules. This is a direct match scored 100/100; term status remains needs_confirmation, so commercial terms must be requested directly from the vendor or partner team.",identify_contact
M057,O019,C033,华为,V005,用友大易,direct,high,100,ready_to_contact,needs_confirmation,"华为 (advanced_manufacturing, enterprise_group) requires ats|recruiting|analytics. 用友大易 covers analytics|ats|recruiting and has public evidence for internet_software|advanced_manufacturing|consumer_retail. Delivery is high because its public evidence covers this sector pattern at enterprise scale with the required recruiting modules. This is a direct match scored 100/100; term status remains needs_confirmation, so commercial terms must be requested directly from the vendor or partner team.",identify_contact
M058,O020,C034,吉利控股,V002,北森,direct,high,100,ready_to_contact,needs_confirmation,"吉利控股 (advanced_manufacturing, enterprise_group) requires ats|recruiting|analytics. 北森 covers analytics|ats|recruiting and has public evidence for advanced_manufacturing|consumer_retail|logistics_mobility|finance. Delivery is high because its public evidence covers this sector pattern at enterprise scale with the required recruiting modules. This is a direct match scored 100/100; term status remains needs_confirmation, so commercial terms must be requested directly from the vendor or partner team.",identify_contact
M059,O020,C034,吉利控股,V001,i人事,direct,high,100,ready_to_contact,needs_confirmation,"吉利控股 (advanced_manufacturing, enterprise_group) requires ats|recruiting|analytics. i人事 covers analytics|ats|recruiting and has public evidence for consumer_retail|advanced_manufacturing|logistics_mobility. Delivery is high because its public evidence covers this sector pattern at enterprise scale with the required recruiting modules. This is a direct match scored 100/100; term status remains needs_confirmation, so commercial terms must be requested directly from the vendor or partner team.",identify_contact
M060,O020,C034,吉利控股,V005,用友大易,direct,high,100,ready_to_contact,needs_confirmation,"吉利控股 (advanced_manufacturing, enterprise_group) requires ats|recruiting|analytics. 用友大易 covers analytics|ats|recruiting and has public evidence for internet_software|advanced_manufacturing|consumer_retail. Delivery is high because its public evidence covers this sector pattern at enterprise scale with the required recruiting modules. This is a direct match scored 100/100; term status remains needs_confirmation, so commercial terms must be requested directly from the vendor or partner team.",identify_contact
M061,O021,C037,宁德时代,V002,北森,direct,high,100,ready_to_contact,needs_confirmation,"宁德时代 (advanced_manufacturing, enterprise_group) requires ats|recruiting|analytics. 北森 covers analytics|ats|recruiting and has public evidence for advanced_manufacturing|consumer_retail|logistics_mobility|finance. Delivery is high because its public evidence covers this sector pattern at enterprise scale with the required recruiting modules. This is a direct match scored 100/100; term status remains needs_confirmation, so commercial terms must be requested directly from the vendor or partner team.",identify_contact
M062,O021,C037,宁德时代,V001,i人事,direct,high,100,ready_to_contact,needs_confirmation,"宁德时代 (advanced_manufacturing, enterprise_group) requires ats|recruiting|analytics. i人事 covers analytics|ats|recruiting and has public evidence for consumer_retail|advanced_manufacturing|logistics_mobility. Delivery is high because its public evidence covers this sector pattern at enterprise scale with the required recruiting modules. This is a direct match scored 100/100; term status remains needs_confirmation, so commercial terms must be requested directly from the vendor or partner team.",identify_contact
M063,O021,C037,宁德时代,V005,用友大易,direct,high,100,ready_to_contact,needs_confirmation,"宁德时代 (advanced_manufacturing, enterprise_group) requires ats|recruiting|analytics. 用友大易 covers analytics|ats|recruiting and has public evidence for internet_software|advanced_manufacturing|consumer_retail. Delivery is high because its public evidence covers this sector pattern at enterprise scale with the required recruiting modules. This is a direct match scored 100/100; term status remains needs_confirmation, so commercial terms must be requested directly from the vendor or partner team.",identify_contact
M064,O022,C038,小米,V002,北森,direct,high,100,ready_to_contact,needs_confirmation,"小米 (advanced_manufacturing, enterprise_group) requires ats|recruiting|analytics. 北森 covers analytics|ats|recruiting and has public evidence for advanced_manufacturing|consumer_retail|logistics_mobility|finance. Delivery is high because its public evidence covers this sector pattern at enterprise scale with the required recruiting modules. This is a direct match scored 100/100; term status remains needs_confirmation, so commercial terms must be requested directly from the vendor or partner team.",identify_contact
M065,O022,C038,小米,V001,i人事,direct,high,100,ready_to_contact,needs_confirmation,"小米 (advanced_manufacturing, enterprise_group) requires ats|recruiting|analytics. i人事 covers analytics|ats|recruiting and has public evidence for consumer_retail|advanced_manufacturing|logistics_mobility. Delivery is high because its public evidence covers this sector pattern at enterprise scale with the required recruiting modules. This is a direct match scored 100/100; term status remains needs_confirmation, so commercial terms must be requested directly from the vendor or partner team.",identify_contact
M066,O022,C038,小米,V005,用友大易,direct,high,100,ready_to_contact,needs_confirmation,"小米 (advanced_manufacturing, enterprise_group) requires ats|recruiting|analytics. 用友大易 covers analytics|ats|recruiting and has public evidence for internet_software|advanced_manufacturing|consumer_retail. Delivery is high because its public evidence covers this sector pattern at enterprise scale with the required recruiting modules. This is a direct match scored 100/100; term status remains needs_confirmation, so commercial terms must be requested directly from the vendor or partner team.",identify_contact
M067,O023,C039,海亮集团,V002,北森,direct,high,100,ready_to_contact,needs_confirmation,"海亮集团 (advanced_manufacturing, enterprise_group) requires ats|recruiting|analytics. 北森 covers analytics|ats|recruiting and has public evidence for advanced_manufacturing|consumer_retail|logistics_mobility|finance. Delivery is high because its public evidence covers this sector pattern at enterprise scale with the required recruiting modules. This is a direct match scored 100/100; term status remains needs_confirmation, so commercial terms must be requested directly from the vendor or partner team.",identify_contact
M068,O023,C039,海亮集团,V001,i人事,direct,high,100,ready_to_contact,needs_confirmation,"海亮集团 (advanced_manufacturing, enterprise_group) requires ats|recruiting|analytics. i人事 covers analytics|ats|recruiting and has public evidence for consumer_retail|advanced_manufacturing|logistics_mobility. Delivery is high because its public evidence covers this sector pattern at enterprise scale with the required recruiting modules. This is a direct match scored 100/100; term status remains needs_confirmation, so commercial terms must be requested directly from the vendor or partner team.",identify_contact
M069,O023,C039,海亮集团,V005,用友大易,direct,high,100,ready_to_contact,needs_confirmation,"海亮集团 (advanced_manufacturing, enterprise_group) requires ats|recruiting|analytics. 用友大易 covers analytics|ats|recruiting and has public evidence for internet_software|advanced_manufacturing|consumer_retail. Delivery is high because its public evidence covers this sector pattern at enterprise scale with the required recruiting modules. This is a direct match scored 100/100; term status remains needs_confirmation, so commercial terms must be requested directly from the vendor or partner team.",identify_contact
M070,O024,C040,建龙重工,V002,北森,direct,high,100,ready_to_contact,needs_confirmation,"建龙重工 (advanced_manufacturing, enterprise_group) requires ats|recruiting|analytics. 北森 covers analytics|ats|recruiting and has public evidence for advanced_manufacturing|consumer_retail|logistics_mobility|finance. Delivery is high because its public evidence covers this sector pattern at enterprise scale with the required recruiting modules. This is a direct match scored 100/100; term status remains needs_confirmation, so commercial terms must be requested directly from the vendor or partner team.",identify_contact
M071,O024,C040,建龙重工,V001,i人事,direct,high,100,ready_to_contact,needs_confirmation,"建龙重工 (advanced_manufacturing, enterprise_group) requires ats|recruiting|analytics. i人事 covers analytics|ats|recruiting and has public evidence for consumer_retail|advanced_manufacturing|logistics_mobility. Delivery is high because its public evidence covers this sector pattern at enterprise scale with the required recruiting modules. This is a direct match scored 100/100; term status remains needs_confirmation, so commercial terms must be requested directly from the vendor or partner team.",identify_contact
M072,O024,C040,建龙重工,V005,用友大易,direct,high,100,ready_to_contact,needs_confirmation,"建龙重工 (advanced_manufacturing, enterprise_group) requires ats|recruiting|analytics. 用友大易 covers analytics|ats|recruiting and has public evidence for internet_software|advanced_manufacturing|consumer_retail. Delivery is high because its public evidence covers this sector pattern at enterprise scale with the required recruiting modules. This is a direct match scored 100/100; term status remains needs_confirmation, so commercial terms must be requested directly from the vendor or partner team.",identify_contact
M073,O025,C042,广汇集团,V002,北森,direct,high,100,ready_to_contact,needs_confirmation,"广汇集团 (advanced_manufacturing, enterprise_group) requires ats|recruiting|analytics. 北森 covers analytics|ats|recruiting and has public evidence for advanced_manufacturing|consumer_retail|logistics_mobility|finance. Delivery is high because its public evidence covers this sector pattern at enterprise scale with the required recruiting modules. This is a direct match scored 100/100; term status remains needs_confirmation, so commercial terms must be requested directly from the vendor or partner team.",identify_contact
M074,O025,C042,广汇集团,V001,i人事,direct,high,100,ready_to_contact,needs_confirmation,"广汇集团 (advanced_manufacturing, enterprise_group) requires ats|recruiting|analytics. i人事 covers analytics|ats|recruiting and has public evidence for consumer_retail|advanced_manufacturing|logistics_mobility. Delivery is high because its public evidence covers this sector pattern at enterprise scale with the required recruiting modules. This is a direct match scored 100/100; term status remains needs_confirmation, so commercial terms must be requested directly from the vendor or partner team.",identify_contact
M075,O025,C042,广汇集团,V005,用友大易,direct,high,100,ready_to_contact,needs_confirmation,"广汇集团 (advanced_manufacturing, enterprise_group) requires ats|recruiting|analytics. 用友大易 covers analytics|ats|recruiting and has public evidence for internet_software|advanced_manufacturing|consumer_retail. Delivery is high because its public evidence covers this sector pattern at enterprise scale with the required recruiting modules. This is a direct match scored 100/100; term status remains needs_confirmation, so commercial terms must be requested directly from the vendor or partner team.",identify_contact
M076,O026,C043,格力电器,V002,北森,direct,high,100,ready_to_contact,needs_confirmation,"格力电器 (advanced_manufacturing, enterprise_group) requires ats|recruiting|analytics. 北森 covers analytics|ats|recruiting and has public evidence for advanced_manufacturing|consumer_retail|logistics_mobility|finance. Delivery is high because its public evidence covers this sector pattern at enterprise scale with the required recruiting modules. This is a direct match scored 100/100; term status remains needs_confirmation, so commercial terms must be requested directly from the vendor or partner team.",identify_contact
M077,O026,C043,格力电器,V001,i人事,direct,high,100,ready_to_contact,needs_confirmation,"格力电器 (advanced_manufacturing, enterprise_group) requires ats|recruiting|analytics. i人事 covers analytics|ats|recruiting and has public evidence for consumer_retail|advanced_manufacturing|logistics_mobility. Delivery is high because its public evidence covers this sector pattern at enterprise scale with the required recruiting modules. This is a direct match scored 100/100; term status remains needs_confirmation, so commercial terms must be requested directly from the vendor or partner team.",identify_contact
M078,O026,C043,格力电器,V005,用友大易,direct,high,100,ready_to_contact,needs_confirmation,"格力电器 (advanced_manufacturing, enterprise_group) requires ats|recruiting|analytics. 用友大易 covers analytics|ats|recruiting and has public evidence for internet_software|advanced_manufacturing|consumer_retail. Delivery is high because its public evidence covers this sector pattern at enterprise scale with the required recruiting modules. This is a direct match scored 100/100; term status remains needs_confirmation, so commercial terms must be requested directly from the vendor or partner team.",identify_contact
M079,O027,C046,洛阳钼业,V002,北森,direct,high,100,ready_to_contact,needs_confirmation,"洛阳钼业 (advanced_manufacturing, enterprise_group) requires ats|recruiting|analytics. 北森 covers analytics|ats|recruiting and has public evidence for advanced_manufacturing|consumer_retail|logistics_mobility|finance. Delivery is high because its public evidence covers this sector pattern at enterprise scale with the required recruiting modules. This is a direct match scored 100/100; term status remains needs_confirmation, so commercial terms must be requested directly from the vendor or partner team.",identify_contact
M080,O027,C046,洛阳钼业,V001,i人事,direct,high,100,ready_to_contact,needs_confirmation,"洛阳钼业 (advanced_manufacturing, enterprise_group) requires ats|recruiting|analytics. i人事 covers analytics|ats|recruiting and has public evidence for consumer_retail|advanced_manufacturing|logistics_mobility. Delivery is high because its public evidence covers this sector pattern at enterprise scale with the required recruiting modules. This is a direct match scored 100/100; term status remains needs_confirmation, so commercial terms must be requested directly from the vendor or partner team.",identify_contact
M081,O027,C046,洛阳钼业,V005,用友大易,direct,high,100,ready_to_contact,needs_confirmation,"洛阳钼业 (advanced_manufacturing, enterprise_group) requires ats|recruiting|analytics. 用友大易 covers analytics|ats|recruiting and has public evidence for internet_software|advanced_manufacturing|consumer_retail. Delivery is high because its public evidence covers this sector pattern at enterprise scale with the required recruiting modules. This is a direct match scored 100/100; term status remains needs_confirmation, so commercial terms must be requested directly from the vendor or partner team.",identify_contact
M082,O028,C047,多弗国际,V002,北森,direct,high,100,ready_to_contact,needs_confirmation,"多弗国际 (advanced_manufacturing, enterprise_group) requires ats|recruiting|analytics. 北森 covers analytics|ats|recruiting and has public evidence for advanced_manufacturing|consumer_retail|logistics_mobility|finance. Delivery is high because its public evidence covers this sector pattern at enterprise scale with the required recruiting modules. This is a direct match scored 100/100; term status remains needs_confirmation, so commercial terms must be requested directly from the vendor or partner team.",identify_contact
M083,O028,C047,多弗国际,V001,i人事,direct,high,100,ready_to_contact,needs_confirmation,"多弗国际 (advanced_manufacturing, enterprise_group) requires ats|recruiting|analytics. i人事 covers analytics|ats|recruiting and has public evidence for consumer_retail|advanced_manufacturing|logistics_mobility. Delivery is high because its public evidence covers this sector pattern at enterprise scale with the required recruiting modules. This is a direct match scored 100/100; term status remains needs_confirmation, so commercial terms must be requested directly from the vendor or partner team.",identify_contact
M084,O028,C047,多弗国际,V005,用友大易,direct,high,100,ready_to_contact,needs_confirmation,"多弗国际 (advanced_manufacturing, enterprise_group) requires ats|recruiting|analytics. 用友大易 covers analytics|ats|recruiting and has public evidence for internet_software|advanced_manufacturing|consumer_retail. Delivery is high because its public evidence covers this sector pattern at enterprise scale with the required recruiting modules. This is a direct match scored 100/100; term status remains needs_confirmation, so commercial terms must be requested directly from the vendor or partner team.",identify_contact
M085,O029,C048,桐昆控股,V002,北森,direct,high,100,ready_to_contact,needs_confirmation,"桐昆控股 (advanced_manufacturing, enterprise_group) requires ats|recruiting|analytics. 北森 covers analytics|ats|recruiting and has public evidence for advanced_manufacturing|consumer_retail|logistics_mobility|finance. Delivery is high because its public evidence covers this sector pattern at enterprise scale with the required recruiting modules. This is a direct match scored 100/100; term status remains needs_confirmation, so commercial terms must be requested directly from the vendor or partner team.",identify_contact
M086,O029,C048,桐昆控股,V001,i人事,direct,high,100,ready_to_contact,needs_confirmation,"桐昆控股 (advanced_manufacturing, enterprise_group) requires ats|recruiting|analytics. i人事 covers analytics|ats|recruiting and has public evidence for consumer_retail|advanced_manufacturing|logistics_mobility. Delivery is high because its public evidence covers this sector pattern at enterprise scale with the required recruiting modules. This is a direct match scored 100/100; term status remains needs_confirmation, so commercial terms must be requested directly from the vendor or partner team.",identify_contact
M087,O029,C048,桐昆控股,V005,用友大易,direct,high,100,ready_to_contact,needs_confirmation,"桐昆控股 (advanced_manufacturing, enterprise_group) requires ats|recruiting|analytics. 用友大易 covers analytics|ats|recruiting and has public evidence for internet_software|advanced_manufacturing|consumer_retail. Delivery is high because its public evidence covers this sector pattern at enterprise scale with the required recruiting modules. This is a direct match scored 100/100; term status remains needs_confirmation, so commercial terms must be requested directly from the vendor or partner team.",identify_contact
M088,O030,C054,紫光国微,V002,北森,direct,high,100,ready_to_contact,needs_confirmation,"紫光国微 (advanced_manufacturing, enterprise_group) requires ats|recruiting|analytics. 北森 covers analytics|ats|recruiting and has public evidence for advanced_manufacturing|consumer_retail|logistics_mobility|finance. Delivery is high because its public evidence covers this sector pattern at enterprise scale with the required recruiting modules. This is a direct match scored 100/100; term status remains needs_confirmation, so commercial terms must be requested directly from the vendor or partner team.",identify_contact
M089,O030,C054,紫光国微,V001,i人事,direct,high,100,ready_to_contact,needs_confirmation,"紫光国微 (advanced_manufacturing, enterprise_group) requires ats|recruiting|analytics. i人事 covers analytics|ats|recruiting and has public evidence for consumer_retail|advanced_manufacturing|logistics_mobility. Delivery is high because its public evidence covers this sector pattern at enterprise scale with the required recruiting modules. This is a direct match scored 100/100; term status remains needs_confirmation, so commercial terms must be requested directly from the vendor or partner team.",identify_contact
M090,O030,C054,紫光国微,V005,用友大易,direct,high,100,ready_to_contact,needs_confirmation,"紫光国微 (advanced_manufacturing, enterprise_group) requires ats|recruiting|analytics. 用友大易 covers analytics|ats|recruiting and has public evidence for internet_software|advanced_manufacturing|consumer_retail. Delivery is high because its public evidence covers this sector pattern at enterprise scale with the required recruiting modules. This is a direct match scored 100/100; term status remains needs_confirmation, so commercial terms must be requested directly from the vendor or partner team.",identify_contact
M091,O031,C059,潍柴动力,V002,北森,direct,high,100,ready_to_contact,needs_confirmation,"潍柴动力 (advanced_manufacturing, enterprise_group) requires ats|recruiting|analytics. 北森 covers analytics|ats|recruiting and has public evidence for advanced_manufacturing|consumer_retail|logistics_mobility|finance. Delivery is high because its public evidence covers this sector pattern at enterprise scale with the required recruiting modules. This is a direct match scored 100/100; term status remains needs_confirmation, so commercial terms must be requested directly from the vendor or partner team.",identify_contact
M092,O031,C059,潍柴动力,V001,i人事,direct,high,100,ready_to_contact,needs_confirmation,"潍柴动力 (advanced_manufacturing, enterprise_group) requires ats|recruiting|analytics. i人事 covers analytics|ats|recruiting and has public evidence for consumer_retail|advanced_manufacturing|logistics_mobility. Delivery is high because its public evidence covers this sector pattern at enterprise scale with the required recruiting modules. This is a direct match scored 100/100; term status remains needs_confirmation, so commercial terms must be requested directly from the vendor or partner team.",identify_contact
M093,O031,C059,潍柴动力,V005,用友大易,direct,high,100,ready_to_contact,needs_confirmation,"潍柴动力 (advanced_manufacturing, enterprise_group) requires ats|recruiting|analytics. 用友大易 covers analytics|ats|recruiting and has public evidence for internet_software|advanced_manufacturing|consumer_retail. Delivery is high because its public evidence covers this sector pattern at enterprise scale with the required recruiting modules. This is a direct match scored 100/100; term status remains needs_confirmation, so commercial terms must be requested directly from the vendor or partner team.",identify_contact
M094,O032,C061,中国中车,V002,北森,direct,high,100,ready_to_contact,needs_confirmation,"中国中车 (advanced_manufacturing, enterprise_group) requires ats|recruiting|analytics. 北森 covers analytics|ats|recruiting and has public evidence for advanced_manufacturing|consumer_retail|logistics_mobility|finance. Delivery is high because its public evidence covers this sector pattern at enterprise scale with the required recruiting modules. This is a direct match scored 100/100; term status remains needs_confirmation, so commercial terms must be requested directly from the vendor or partner team.",identify_contact
M095,O032,C061,中国中车,V001,i人事,direct,high,100,ready_to_contact,needs_confirmation,"中国中车 (advanced_manufacturing, enterprise_group) requires ats|recruiting|analytics. i人事 covers analytics|ats|recruiting and has public evidence for consumer_retail|advanced_manufacturing|logistics_mobility. Delivery is high because its public evidence covers this sector pattern at enterprise scale with the required recruiting modules. This is a direct match scored 100/100; term status remains needs_confirmation, so commercial terms must be requested directly from the vendor or partner team.",identify_contact
M096,O032,C061,中国中车,V005,用友大易,direct,high,100,ready_to_contact,needs_confirmation,"中国中车 (advanced_manufacturing, enterprise_group) requires ats|recruiting|analytics. 用友大易 covers analytics|ats|recruiting and has public evidence for internet_software|advanced_manufacturing|consumer_retail. Delivery is high because its public evidence covers this sector pattern at enterprise scale with the required recruiting modules. This is a direct match scored 100/100; term status remains needs_confirmation, so commercial terms must be requested directly from the vendor or partner team.",identify_contact
M097,O033,C063,中鼎股份,V002,北森,direct,high,100,ready_to_contact,needs_confirmation,"中鼎股份 (advanced_manufacturing, enterprise_group) requires ats|recruiting|analytics. 北森 covers analytics|ats|recruiting and has public evidence for advanced_manufacturing|consumer_retail|logistics_mobility|finance. Delivery is high because its public evidence covers this sector pattern at enterprise scale with the required recruiting modules. This is a direct match scored 100/100; term status remains needs_confirmation, so commercial terms must be requested directly from the vendor or partner team.",identify_contact
M098,O033,C063,中鼎股份,V001,i人事,direct,high,100,ready_to_contact,needs_confirmation,"中鼎股份 (advanced_manufacturing, enterprise_group) requires ats|recruiting|analytics. i人事 covers analytics|ats|recruiting and has public evidence for consumer_retail|advanced_manufacturing|logistics_mobility. Delivery is high because its public evidence covers this sector pattern at enterprise scale with the required recruiting modules. This is a direct match scored 100/100; term status remains needs_confirmation, so commercial terms must be requested directly from the vendor or partner team.",identify_contact
M099,O033,C063,中鼎股份,V005,用友大易,direct,high,100,ready_to_contact,needs_confirmation,"中鼎股份 (advanced_manufacturing, enterprise_group) requires ats|recruiting|analytics. 用友大易 covers analytics|ats|recruiting and has public evidence for internet_software|advanced_manufacturing|consumer_retail. Delivery is high because its public evidence covers this sector pattern at enterprise scale with the required recruiting modules. This is a direct match scored 100/100; term status remains needs_confirmation, so commercial terms must be requested directly from the vendor or partner team.",identify_contact
M100,O034,C066,万丰奥威,V002,北森,direct,high,100,ready_to_contact,needs_confirmation,"万丰奥威 (advanced_manufacturing, enterprise_group) requires ats|recruiting|analytics. 北森 covers analytics|ats|recruiting and has public evidence for advanced_manufacturing|consumer_retail|logistics_mobility|finance. Delivery is high because its public evidence covers this sector pattern at enterprise scale with the required recruiting modules. This is a direct match scored 100/100; term status remains needs_confirmation, so commercial terms must be requested directly from the vendor or partner team.",identify_contact
M101,O034,C066,万丰奥威,V001,i人事,direct,high,100,ready_to_contact,needs_confirmation,"万丰奥威 (advanced_manufacturing, enterprise_group) requires ats|recruiting|analytics. i人事 covers analytics|ats|recruiting and has public evidence for consumer_retail|advanced_manufacturing|logistics_mobility. Delivery is high because its public evidence covers this sector pattern at enterprise scale with the required recruiting modules. This is a direct match scored 100/100; term status remains needs_confirmation, so commercial terms must be requested directly from the vendor or partner team.",identify_contact
M102,O034,C066,万丰奥威,V005,用友大易,direct,high,100,ready_to_contact,needs_confirmation,"万丰奥威 (advanced_manufacturing, enterprise_group) requires ats|recruiting|analytics. 用友大易 covers analytics|ats|recruiting and has public evidence for internet_software|advanced_manufacturing|consumer_retail. Delivery is high because its public evidence covers this sector pattern at enterprise scale with the required recruiting modules. This is a direct match scored 100/100; term status remains needs_confirmation, so commercial terms must be requested directly from the vendor or partner team.",identify_contact
M103,O035,C068,北方华创,V002,北森,direct,high,100,ready_to_contact,needs_confirmation,"北方华创 (advanced_manufacturing, enterprise_group) requires ats|recruiting|analytics. 北森 covers analytics|ats|recruiting and has public evidence for advanced_manufacturing|consumer_retail|logistics_mobility|finance. Delivery is high because its public evidence covers this sector pattern at enterprise scale with the required recruiting modules. This is a direct match scored 100/100; term status remains needs_confirmation, so commercial terms must be requested directly from the vendor or partner team.",identify_contact
M104,O035,C068,北方华创,V001,i人事,direct,high,100,ready_to_contact,needs_confirmation,"北方华创 (advanced_manufacturing, enterprise_group) requires ats|recruiting|analytics. i人事 covers analytics|ats|recruiting and has public evidence for consumer_retail|advanced_manufacturing|logistics_mobility. Delivery is high because its public evidence covers this sector pattern at enterprise scale with the required recruiting modules. This is a direct match scored 100/100; term status remains needs_confirmation, so commercial terms must be requested directly from the vendor or partner team.",identify_contact
M105,O035,C068,北方华创,V005,用友大易,direct,high,100,ready_to_contact,needs_confirmation,"北方华创 (advanced_manufacturing, enterprise_group) requires ats|recruiting|analytics. 用友大易 covers analytics|ats|recruiting and has public evidence for internet_software|advanced_manufacturing|consumer_retail. Delivery is high because its public evidence covers this sector pattern at enterprise scale with the required recruiting modules. This is a direct match scored 100/100; term status remains needs_confirmation, so commercial terms must be requested directly from the vendor or partner team.",identify_contact
M106,O036,C069,视源股份,V002,北森,direct,high,100,ready_to_contact,needs_confirmation,"视源股份 (advanced_manufacturing, enterprise_group) requires ats|recruiting|analytics. 北森 covers analytics|ats|recruiting and has public evidence for advanced_manufacturing|consumer_retail|logistics_mobility|finance. Delivery is high because its public evidence covers this sector pattern at enterprise scale with the required recruiting modules. This is a direct match scored 100/100; term status remains needs_confirmation, so commercial terms must be requested directly from the vendor or partner team.",identify_contact
M107,O036,C069,视源股份,V001,i人事,direct,high,100,ready_to_contact,needs_confirmation,"视源股份 (advanced_manufacturing, enterprise_group) requires ats|recruiting|analytics. i人事 covers analytics|ats|recruiting and has public evidence for consumer_retail|advanced_manufacturing|logistics_mobility. Delivery is high because its public evidence covers this sector pattern at enterprise scale with the required recruiting modules. This is a direct match scored 100/100; term status remains needs_confirmation, so commercial terms must be requested directly from the vendor or partner team.",identify_contact
M108,O036,C069,视源股份,V005,用友大易,direct,high,100,ready_to_contact,needs_confirmation,"视源股份 (advanced_manufacturing, enterprise_group) requires ats|recruiting|analytics. 用友大易 covers analytics|ats|recruiting and has public evidence for internet_software|advanced_manufacturing|consumer_retail. Delivery is high because its public evidence covers this sector pattern at enterprise scale with the required recruiting modules. This is a direct match scored 100/100; term status remains needs_confirmation, so commercial terms must be requested directly from the vendor or partner team.",identify_contact
M109,O037,C070,景嘉微,V002,北森,direct,high,100,ready_to_contact,needs_confirmation,"景嘉微 (advanced_manufacturing, enterprise_group) requires ats|recruiting|analytics. 北森 covers analytics|ats|recruiting and has public evidence for advanced_manufacturing|consumer_retail|logistics_mobility|finance. Delivery is high because its public evidence covers this sector pattern at enterprise scale with the required recruiting modules. This is a direct match scored 100/100; term status remains needs_confirmation, so commercial terms must be requested directly from the vendor or partner team.",identify_contact
M110,O037,C070,景嘉微,V001,i人事,direct,high,100,ready_to_contact,needs_confirmation,"景嘉微 (advanced_manufacturing, enterprise_group) requires ats|recruiting|analytics. i人事 covers analytics|ats|recruiting and has public evidence for consumer_retail|advanced_manufacturing|logistics_mobility. Delivery is high because its public evidence covers this sector pattern at enterprise scale with the required recruiting modules. This is a direct match scored 100/100; term status remains needs_confirmation, so commercial terms must be requested directly from the vendor or partner team.",identify_contact
M111,O037,C070,景嘉微,V005,用友大易,direct,high,100,ready_to_contact,needs_confirmation,"景嘉微 (advanced_manufacturing, enterprise_group) requires ats|recruiting|analytics. 用友大易 covers analytics|ats|recruiting and has public evidence for internet_software|advanced_manufacturing|consumer_retail. Delivery is high because its public evidence covers this sector pattern at enterprise scale with the required recruiting modules. This is a direct match scored 100/100; term status remains needs_confirmation, so commercial terms must be requested directly from the vendor or partner team.",identify_contact
M112,O038,C071,通威股份,V002,北森,direct,high,100,ready_to_contact,needs_confirmation,"通威股份 (advanced_manufacturing, enterprise_group) requires ats|recruiting|analytics. 北森 covers analytics|ats|recruiting and has public evidence for advanced_manufacturing|consumer_retail|logistics_mobility|finance. Delivery is high because its public evidence covers this sector pattern at enterprise scale with the required recruiting modules. This is a direct match scored 100/100; term status remains needs_confirmation, so commercial terms must be requested directly from the vendor or partner team.",identify_contact
M113,O038,C071,通威股份,V001,i人事,direct,high,100,ready_to_contact,needs_confirmation,"通威股份 (advanced_manufacturing, enterprise_group) requires ats|recruiting|analytics. i人事 covers analytics|ats|recruiting and has public evidence for consumer_retail|advanced_manufacturing|logistics_mobility. Delivery is high because its public evidence covers this sector pattern at enterprise scale with the required recruiting modules. This is a direct match scored 100/100; term status remains needs_confirmation, so commercial terms must be requested directly from the vendor or partner team.",identify_contact
M114,O038,C071,通威股份,V005,用友大易,direct,high,100,ready_to_contact,needs_confirmation,"通威股份 (advanced_manufacturing, enterprise_group) requires ats|recruiting|analytics. 用友大易 covers analytics|ats|recruiting and has public evidence for internet_software|advanced_manufacturing|consumer_retail. Delivery is high because its public evidence covers this sector pattern at enterprise scale with the required recruiting modules. This is a direct match scored 100/100; term status remains needs_confirmation, so commercial terms must be requested directly from the vendor or partner team.",identify_contact
M115,O039,C072,中芯国际,V002,北森,direct,high,100,ready_to_contact,needs_confirmation,"中芯国际 (advanced_manufacturing, enterprise_group) requires ats|recruiting|analytics. 北森 covers analytics|ats|recruiting and has public evidence for advanced_manufacturing|consumer_retail|logistics_mobility|finance. Delivery is high because its public evidence covers this sector pattern at enterprise scale with the required recruiting modules. This is a direct match scored 100/100; term status remains needs_confirmation, so commercial terms must be requested directly from the vendor or partner team.",identify_contact
M116,O039,C072,中芯国际,V001,i人事,direct,high,100,ready_to_contact,needs_confirmation,"中芯国际 (advanced_manufacturing, enterprise_group) requires ats|recruiting|analytics. i人事 covers analytics|ats|recruiting and has public evidence for consumer_retail|advanced_manufacturing|logistics_mobility. Delivery is high because its public evidence covers this sector pattern at enterprise scale with the required recruiting modules. This is a direct match scored 100/100; term status remains needs_confirmation, so commercial terms must be requested directly from the vendor or partner team.",identify_contact
M117,O039,C072,中芯国际,V005,用友大易,direct,high,100,ready_to_contact,needs_confirmation,"中芯国际 (advanced_manufacturing, enterprise_group) requires ats|recruiting|analytics. 用友大易 covers analytics|ats|recruiting and has public evidence for internet_software|advanced_manufacturing|consumer_retail. Delivery is high because its public evidence covers this sector pattern at enterprise scale with the required recruiting modules. This is a direct match scored 100/100; term status remains needs_confirmation, so commercial terms must be requested directly from the vendor or partner team.",identify_contact
M118,O040,C074,中兵红箭,V002,北森,direct,high,100,ready_to_contact,needs_confirmation,"中兵红箭 (advanced_manufacturing, enterprise_group) requires ats|recruiting|analytics. 北森 covers analytics|ats|recruiting and has public evidence for advanced_manufacturing|consumer_retail|logistics_mobility|finance. Delivery is high because its public evidence covers this sector pattern at enterprise scale with the required recruiting modules. This is a direct match scored 100/100; term status remains needs_confirmation, so commercial terms must be requested directly from the vendor or partner team.",identify_contact
M119,O040,C074,中兵红箭,V001,i人事,direct,high,100,ready_to_contact,needs_confirmation,"中兵红箭 (advanced_manufacturing, enterprise_group) requires ats|recruiting|analytics. i人事 covers analytics|ats|recruiting and has public evidence for consumer_retail|advanced_manufacturing|logistics_mobility. Delivery is high because its public evidence covers this sector pattern at enterprise scale with the required recruiting modules. This is a direct match scored 100/100; term status remains needs_confirmation, so commercial terms must be requested directly from the vendor or partner team.",identify_contact
M120,O040,C074,中兵红箭,V005,用友大易,direct,high,100,ready_to_contact,needs_confirmation,"中兵红箭 (advanced_manufacturing, enterprise_group) requires ats|recruiting|analytics. 用友大易 covers analytics|ats|recruiting and has public evidence for internet_software|advanced_manufacturing|consumer_retail. Delivery is high because its public evidence covers this sector pattern at enterprise scale with the required recruiting modules. This is a direct match scored 100/100; term status remains needs_confirmation, so commercial terms must be requested directly from the vendor or partner team.",identify_contact
M121,O041,C076,海光信息,V002,北森,direct,high,100,ready_to_contact,needs_confirmation,"海光信息 (advanced_manufacturing, enterprise_group) requires ats|recruiting|analytics. 北森 covers analytics|ats|recruiting and has public evidence for advanced_manufacturing|consumer_retail|logistics_mobility|finance. Delivery is high because its public evidence covers this sector pattern at enterprise scale with the required recruiting modules. This is a direct match scored 100/100; term status remains needs_confirmation, so commercial terms must be requested directly from the vendor or partner team.",identify_contact
M122,O041,C076,海光信息,V001,i人事,direct,high,100,ready_to_contact,needs_confirmation,"海光信息 (advanced_manufacturing, enterprise_group) requires ats|recruiting|analytics. i人事 covers analytics|ats|recruiting and has public evidence for consumer_retail|advanced_manufacturing|logistics_mobility. Delivery is high because its public evidence covers this sector pattern at enterprise scale with the required recruiting modules. This is a direct match scored 100/100; term status remains needs_confirmation, so commercial terms must be requested directly from the vendor or partner team.",identify_contact
M123,O041,C076,海光信息,V005,用友大易,direct,high,100,ready_to_contact,needs_confirmation,"海光信息 (advanced_manufacturing, enterprise_group) requires ats|recruiting|analytics. 用友大易 covers analytics|ats|recruiting and has public evidence for internet_software|advanced_manufacturing|consumer_retail. Delivery is high because its public evidence covers this sector pattern at enterprise scale with the required recruiting modules. This is a direct match scored 100/100; term status remains needs_confirmation, so commercial terms must be requested directly from the vendor or partner team.",identify_contact
M124,O042,C079,国轩高科,V002,北森,direct,high,100,ready_to_contact,needs_confirmation,"国轩高科 (advanced_manufacturing, enterprise_group) requires ats|recruiting|analytics. 北森 covers analytics|ats|recruiting and has public evidence for advanced_manufacturing|consumer_retail|logistics_mobility|finance. Delivery is high because its public evidence covers this sector pattern at enterprise scale with the required recruiting modules. This is a direct match scored 100/100; term status remains needs_confirmation, so commercial terms must be requested directly from the vendor or partner team.",identify_contact
M125,O042,C079,国轩高科,V001,i人事,direct,high,100,ready_to_contact,needs_confirmation,"国轩高科 (advanced_manufacturing, enterprise_group) requires ats|recruiting|analytics. i人事 covers analytics|ats|recruiting and has public evidence for consumer_retail|advanced_manufacturing|logistics_mobility. Delivery is high because its public evidence covers this sector pattern at enterprise scale with the required recruiting modules. This is a direct match scored 100/100; term status remains needs_confirmation, so commercial terms must be requested directly from the vendor or partner team.",identify_contact
M126,O042,C079,国轩高科,V005,用友大易,direct,high,100,ready_to_contact,needs_confirmation,"国轩高科 (advanced_manufacturing, enterprise_group) requires ats|recruiting|analytics. 用友大易 covers analytics|ats|recruiting and has public evidence for internet_software|advanced_manufacturing|consumer_retail. Delivery is high because its public evidence covers this sector pattern at enterprise scale with the required recruiting modules. This is a direct match scored 100/100; term status remains needs_confirmation, so commercial terms must be requested directly from the vendor or partner team.",identify_contact
M127,O043,C082,中科曙光,V002,北森,direct,high,100,ready_to_contact,needs_confirmation,"中科曙光 (advanced_manufacturing, enterprise_group) requires ats|recruiting|analytics. 北森 covers analytics|ats|recruiting and has public evidence for advanced_manufacturing|consumer_retail|logistics_mobility|finance. Delivery is high because its public evidence covers this sector pattern at enterprise scale with the required recruiting modules. This is a direct match scored 100/100; term status remains needs_confirmation, so commercial terms must be requested directly from the vendor or partner team.",identify_contact
M128,O043,C082,中科曙光,V001,i人事,direct,high,100,ready_to_contact,needs_confirmation,"中科曙光 (advanced_manufacturing, enterprise_group) requires ats|recruiting|analytics. i人事 covers analytics|ats|recruiting and has public evidence for consumer_retail|advanced_manufacturing|logistics_mobility. Delivery is high because its public evidence covers this sector pattern at enterprise scale with the required recruiting modules. This is a direct match scored 100/100; term status remains needs_confirmation, so commercial terms must be requested directly from the vendor or partner team.",identify_contact
M129,O043,C082,中科曙光,V005,用友大易,direct,high,100,ready_to_contact,needs_confirmation,"中科曙光 (advanced_manufacturing, enterprise_group) requires ats|recruiting|analytics. 用友大易 covers analytics|ats|recruiting and has public evidence for internet_software|advanced_manufacturing|consumer_retail. Delivery is high because its public evidence covers this sector pattern at enterprise scale with the required recruiting modules. This is a direct match scored 100/100; term status remains needs_confirmation, so commercial terms must be requested directly from the vendor or partner team.",identify_contact
M130,O044,C089,瀚蓝环境,V002,北森,direct,high,100,ready_to_contact,needs_confirmation,"瀚蓝环境 (advanced_manufacturing, enterprise_group) requires ats|recruiting|analytics. 北森 covers analytics|ats|recruiting and has public evidence for advanced_manufacturing|consumer_retail|logistics_mobility|finance. Delivery is high because its public evidence covers this sector pattern at enterprise scale with the required recruiting modules. This is a direct match scored 100/100; term status remains needs_confirmation, so commercial terms must be requested directly from the vendor or partner team.",identify_contact
M131,O044,C089,瀚蓝环境,V001,i人事,direct,high,100,ready_to_contact,needs_confirmation,"瀚蓝环境 (advanced_manufacturing, enterprise_group) requires ats|recruiting|analytics. i人事 covers analytics|ats|recruiting and has public evidence for consumer_retail|advanced_manufacturing|logistics_mobility. Delivery is high because its public evidence covers this sector pattern at enterprise scale with the required recruiting modules. This is a direct match scored 100/100; term status remains needs_confirmation, so commercial terms must be requested directly from the vendor or partner team.",identify_contact
M132,O044,C089,瀚蓝环境,V005,用友大易,direct,high,100,ready_to_contact,needs_confirmation,"瀚蓝环境 (advanced_manufacturing, enterprise_group) requires ats|recruiting|analytics. 用友大易 covers analytics|ats|recruiting and has public evidence for internet_software|advanced_manufacturing|consumer_retail. Delivery is high because its public evidence covers this sector pattern at enterprise scale with the required recruiting modules. This is a direct match scored 100/100; term status remains needs_confirmation, so commercial terms must be requested directly from the vendor or partner team.",identify_contact
M133,O045,C092,福耀玻璃,V002,北森,direct,high,100,ready_to_contact,needs_confirmation,"福耀玻璃 (advanced_manufacturing, enterprise_group) requires ats|recruiting|analytics. 北森 covers analytics|ats|recruiting and has public evidence for advanced_manufacturing|consumer_retail|logistics_mobility|finance. Delivery is high because its public evidence covers this sector pattern at enterprise scale with the required recruiting modules. This is a direct match scored 100/100; term status remains needs_confirmation, so commercial terms must be requested directly from the vendor or partner team.",identify_contact
M134,O045,C092,福耀玻璃,V001,i人事,direct,high,100,ready_to_contact,needs_confirmation,"福耀玻璃 (advanced_manufacturing, enterprise_group) requires ats|recruiting|analytics. i人事 covers analytics|ats|recruiting and has public evidence for consumer_retail|advanced_manufacturing|logistics_mobility. Delivery is high because its public evidence covers this sector pattern at enterprise scale with the required recruiting modules. This is a direct match scored 100/100; term status remains needs_confirmation, so commercial terms must be requested directly from the vendor or partner team.",identify_contact
M135,O045,C092,福耀玻璃,V005,用友大易,direct,high,100,ready_to_contact,needs_confirmation,"福耀玻璃 (advanced_manufacturing, enterprise_group) requires ats|recruiting|analytics. 用友大易 covers analytics|ats|recruiting and has public evidence for internet_software|advanced_manufacturing|consumer_retail. Delivery is high because its public evidence covers this sector pattern at enterprise scale with the required recruiting modules. This is a direct match scored 100/100; term status remains needs_confirmation, so commercial terms must be requested directly from the vendor or partner team.",identify_contact
M136,O046,C094,华天科技,V002,北森,direct,high,100,ready_to_contact,needs_confirmation,"华天科技 (advanced_manufacturing, enterprise_group) requires ats|recruiting|analytics. 北森 covers analytics|ats|recruiting and has public evidence for advanced_manufacturing|consumer_retail|logistics_mobility|finance. Delivery is high because its public evidence covers this sector pattern at enterprise scale with the required recruiting modules. This is a direct match scored 100/100; term status remains needs_confirmation, so commercial terms must be requested directly from the vendor or partner team.",identify_contact
M137,O046,C094,华天科技,V001,i人事,direct,high,100,ready_to_contact,needs_confirmation,"华天科技 (advanced_manufacturing, enterprise_group) requires ats|recruiting|analytics. i人事 covers analytics|ats|recruiting and has public evidence for consumer_retail|advanced_manufacturing|logistics_mobility. Delivery is high because its public evidence covers this sector pattern at enterprise scale with the required recruiting modules. This is a direct match scored 100/100; term status remains needs_confirmation, so commercial terms must be requested directly from the vendor or partner team.",identify_contact
M138,O046,C094,华天科技,V005,用友大易,direct,high,100,ready_to_contact,needs_confirmation,"华天科技 (advanced_manufacturing, enterprise_group) requires ats|recruiting|analytics. 用友大易 covers analytics|ats|recruiting and has public evidence for internet_software|advanced_manufacturing|consumer_retail. Delivery is high because its public evidence covers this sector pattern at enterprise scale with the required recruiting modules. This is a direct match scored 100/100; term status remains needs_confirmation, so commercial terms must be requested directly from the vendor or partner team.",identify_contact
M139,O047,C095,明阳智能,V002,北森,direct,high,100,ready_to_contact,needs_confirmation,"明阳智能 (advanced_manufacturing, enterprise_group) requires ats|recruiting|analytics. 北森 covers analytics|ats|recruiting and has public evidence for advanced_manufacturing|consumer_retail|logistics_mobility|finance. Delivery is high because its public evidence covers this sector pattern at enterprise scale with the required recruiting modules. This is a direct match scored 100/100; term status remains needs_confirmation, so commercial terms must be requested directly from the vendor or partner team.",identify_contact
M140,O047,C095,明阳智能,V001,i人事,direct,high,100,ready_to_contact,needs_confirmation,"明阳智能 (advanced_manufacturing, enterprise_group) requires ats|recruiting|analytics. i人事 covers analytics|ats|recruiting and has public evidence for consumer_retail|advanced_manufacturing|logistics_mobility. Delivery is high because its public evidence covers this sector pattern at enterprise scale with the required recruiting modules. This is a direct match scored 100/100; term status remains needs_confirmation, so commercial terms must be requested directly from the vendor or partner team.",identify_contact
M141,O047,C095,明阳智能,V005,用友大易,direct,high,100,ready_to_contact,needs_confirmation,"明阳智能 (advanced_manufacturing, enterprise_group) requires ats|recruiting|analytics. 用友大易 covers analytics|ats|recruiting and has public evidence for internet_software|advanced_manufacturing|consumer_retail. Delivery is high because its public evidence covers this sector pattern at enterprise scale with the required recruiting modules. This is a direct match scored 100/100; term status remains needs_confirmation, so commercial terms must be requested directly from the vendor or partner team.",identify_contact
M142,O048,C103,TCL中环,V002,北森,direct,high,100,ready_to_contact,needs_confirmation,"TCL中环 (advanced_manufacturing, enterprise_group) requires ats|recruiting|analytics. 北森 covers analytics|ats|recruiting and has public evidence for advanced_manufacturing|consumer_retail|logistics_mobility|finance. Delivery is high because its public evidence covers this sector pattern at enterprise scale with the required recruiting modules. This is a direct match scored 100/100; term status remains needs_confirmation, so commercial terms must be requested directly from the vendor or partner team.",identify_contact
M143,O048,C103,TCL中环,V001,i人事,direct,high,100,ready_to_contact,needs_confirmation,"TCL中环 (advanced_manufacturing, enterprise_group) requires ats|recruiting|analytics. i人事 covers analytics|ats|recruiting and has public evidence for consumer_retail|advanced_manufacturing|logistics_mobility. Delivery is high because its public evidence covers this sector pattern at enterprise scale with the required recruiting modules. This is a direct match scored 100/100; term status remains needs_confirmation, so commercial terms must be requested directly from the vendor or partner team.",identify_contact
M144,O048,C103,TCL中环,V005,用友大易,direct,high,100,ready_to_contact,needs_confirmation,"TCL中环 (advanced_manufacturing, enterprise_group) requires ats|recruiting|analytics. 用友大易 covers analytics|ats|recruiting and has public evidence for internet_software|advanced_manufacturing|consumer_retail. Delivery is high because its public evidence covers this sector pattern at enterprise scale with the required recruiting modules. This is a direct match scored 100/100; term status remains needs_confirmation, so commercial terms must be requested directly from the vendor or partner team.",identify_contact
M145,O049,C104,国电南瑞,V002,北森,direct,high,100,ready_to_contact,needs_confirmation,"国电南瑞 (advanced_manufacturing, enterprise_group) requires ats|recruiting|analytics. 北森 covers analytics|ats|recruiting and has public evidence for advanced_manufacturing|consumer_retail|logistics_mobility|finance. Delivery is high because its public evidence covers this sector pattern at enterprise scale with the required recruiting modules. This is a direct match scored 100/100; term status remains needs_confirmation, so commercial terms must be requested directly from the vendor or partner team.",identify_contact
M146,O049,C104,国电南瑞,V001,i人事,direct,high,100,ready_to_contact,needs_confirmation,"国电南瑞 (advanced_manufacturing, enterprise_group) requires ats|recruiting|analytics. i人事 covers analytics|ats|recruiting and has public evidence for consumer_retail|advanced_manufacturing|logistics_mobility. Delivery is high because its public evidence covers this sector pattern at enterprise scale with the required recruiting modules. This is a direct match scored 100/100; term status remains needs_confirmation, so commercial terms must be requested directly from the vendor or partner team.",identify_contact
M147,O049,C104,国电南瑞,V005,用友大易,direct,high,100,ready_to_contact,needs_confirmation,"国电南瑞 (advanced_manufacturing, enterprise_group) requires ats|recruiting|analytics. 用友大易 covers analytics|ats|recruiting and has public evidence for internet_software|advanced_manufacturing|consumer_retail. Delivery is high because its public evidence covers this sector pattern at enterprise scale with the required recruiting modules. This is a direct match scored 100/100; term status remains needs_confirmation, so commercial terms must be requested directly from the vendor or partner team.",identify_contact
M148,O050,C105,蔚蓝锂芯,V002,北森,direct,high,100,ready_to_contact,needs_confirmation,"蔚蓝锂芯 (advanced_manufacturing, enterprise_group) requires ats|recruiting|analytics. 北森 covers analytics|ats|recruiting and has public evidence for advanced_manufacturing|consumer_retail|logistics_mobility|finance. Delivery is high because its public evidence covers this sector pattern at enterprise scale with the required recruiting modules. This is a direct match scored 100/100; term status remains needs_confirmation, so commercial terms must be requested directly from the vendor or partner team.",identify_contact
M149,O050,C105,蔚蓝锂芯,V001,i人事,direct,high,100,ready_to_contact,needs_confirmation,"蔚蓝锂芯 (advanced_manufacturing, enterprise_group) requires ats|recruiting|analytics. i人事 covers analytics|ats|recruiting and has public evidence for consumer_retail|advanced_manufacturing|logistics_mobility. Delivery is high because its public evidence covers this sector pattern at enterprise scale with the required recruiting modules. This is a direct match scored 100/100; term status remains needs_confirmation, so commercial terms must be requested directly from the vendor or partner team.",identify_contact
M150,O050,C105,蔚蓝锂芯,V005,用友大易,direct,high,100,ready_to_contact,needs_confirmation,"蔚蓝锂芯 (advanced_manufacturing, enterprise_group) requires ats|recruiting|analytics. 用友大易 covers analytics|ats|recruiting and has public evidence for internet_software|advanced_manufacturing|consumer_retail. Delivery is high because its public evidence covers this sector pattern at enterprise scale with the required recruiting modules. This is a direct match scored 100/100; term status remains needs_confirmation, so commercial terms must be requested directly from the vendor or partner team.",identify_contact
